{"cameraMode":{"drawMode":0,"name":"Shaded","section":"Shading Mode"},"sceneLighting":true,"audioPlay":false,"sceneViewState":{"m_AlwaysRefresh":false,"showFog":true,"showSkybox":true,"showFlares":true,"showImageEffects":true,"showParticleSystems":true,"showVisualEffectGraphs":true,"m_FxEnabled":true},"in2DMode":false,"pivot":{"x":-4.709972381591797,"y":-88.6374740600586,"z":30.648799896240236},"rotation":{"x":0.3302766680717468,"y":0.005663387477397919,"z":-0.0019812029786407949,"w":0.9438685774803162},"size":93.30049896240235,"orthographic":false}