{"cameraMode":{"drawMode":0,"name":"Shaded","section":"Shading Mode"},"sceneLighting":true,"audioPlay":false,"sceneViewState":{"m_AlwaysRefresh":false,"showFog":true,"showSkybox":true,"showFlares":true,"showImageEffects":true,"showParticleSystems":true,"showVisualEffectGraphs":true,"m_FxEnabled":true},"in2DMode":false,"pivot":{"x":-19.828754425048829,"y":-16.614452362060548,"z":10.157941818237305},"rotation":{"x":-0.21796688437461854,"y":0.09556229412555695,"z":-0.021450720727443696,"w":-0.9710296988487244},"size":46.09046936035156,"orthographic":false}